k,inertia,silhouette_score
2,17377.773406421282,0.14533234354729685
3,15963.50760897142,0.15148472933006762
4,14985.320935271779,0.11008547508867889
5,14275.12610752054,0.09869041241196638
6,13656.317035636846,0.08864309474417872
7,13200.483821193415,0.08733176048971446
8,12821.40911623073,0.08487988213953708
